id;kominy_dymowe;kominy_spalinowe;przewody_wentylacyjne;ryczalt_jednorazowy;data_czyszczenia;dzien_czyszczenia;zaplacono;podpis
1;Dynamic Mouse;Lubuskie Outdoors;turquoise Małopolskie Mall;Developer Grocery wireless;2021-04-03;42386;visionary Computers;Synchronised Branding
2;Realigned Account;target Account;system;overriding Generic Granite;2021-04-02;47848;Account SMTP;Metrics
3;PNG violet responsive;Reverse-engineered;Human invoice;Home;2021-04-02;12096;override Tasty;copy client-server
4;Multi-lateral;Licensed Future-proofed;Sleek;frictionless;2021-04-03;33897;XML;Kids
5;architecture Jewelery index;Rubber Court;Director Engineer infomediaries;open-source infrastructures;2021-04-03;35739;Product;Steel Trafficway boliviano
6;Table;Interactions;Orchestrator Implemented;cross-platform Franc Concrete;2021-04-03;12887;Balboa payment;green circuit Optional
7;online Shilling;architecture card;cross-platform;National copying;2021-04-02;40966;Lead;Product
8;Ergonomic National Bacon;silver Dolnośląskie Łódzkie;Steel model turquoise;Intelligent HDD;2021-04-03;75860;benchmark Kazachstan;Analyst algorithm
9;cross-platform Łódzkie;Chicken Strategist Ergonomic;Śląskie;Granite Branch;2021-04-03;56332;Chicken;dynamic
10;Central Concrete Metal;Toys;Nepalese JBOD;Tasty online Hat;2021-04-03;15832;system bus Car;Horizontal Computer
