id;wlasciciel_domu;numer;adres
1;reciprocal withdrawal;47270;Dollar architecture multi-byte
2;networks paradigm Functionality;31201;Metrics Market Integration
3;Śląskie Handcrafted;39476;programming Avon neural
4;Springs Jewelery;89900;Security quantify uniform
5;e-markets Corporate;13573;web
6;Taiwan Wooden back-end;47019;Ergonomic Avon
7;paradigms transitional Multi-layered;67206;Response approach hub
8;regional;15721;Via
9;Corporate Proactive Granite;97821;neural Product Avon
10;Small;68879;Solutions
